<?xml version="1.0" encoding="UTF-8"?>
<Configuration status="info" name="kafka.consumer1_kafka.consumer1" packages="com.iiht.project.subham.kafka.consumer1">
    <Appenders>
        <Kafka name="Kafka" topic="test4">
            <PatternLayout pattern="%date %message"/>
            <Property name="bootstrap.servers">localhost:9092</Property>
        </Kafka>
        <Async name="Async">
            <AppenderRef ref="Kafka"/>
        </Async>

        <Console name="stdout" target="SYSTEM_OUT">
            <PatternLayout pattern="%d{HH:mm:ss.SSS} %-5p [%-7t] %F:%L - %m%n"/>
        </Console>

    </Appenders>
    <Loggers>
        <Root level="INFO">
            <AppenderRef ref="Kafka"/>
            <AppenderRef ref="stdout"/>
        </Root>
        <Logger name="org.apache.kafka" level="INFO" />
    </Loggers>
</Configuration>